{"cameraMode":{"drawMode":0,"name":"Shaded","section":"Shading Mode"},"sceneLighting":true,"audioPlay":false,"sceneViewState":{"showFog":true,"showMaterialUpdate":false,"showSkybox":true,"showFlares":true,"showImageEffects":true,"showParticleSystems":true},"in2DMode":false,"pivot":{"x":0.9221961498260498,"y":-0.09883570671081543,"z":-1.208452820777893},"rotation":{"x":0.6947360038757324,"y":-0.01724257320165634,"z":0.016698166728019716,"w":0.7188946008682251},"size":8.132950782775879,"orthographic":false}